INSERT INTO Pharmacy (id, picture_id, address, phone_number, name, email, latitude, longitude, opening_hours) VALUES
('4c0d0a34-c4bd-4118-b982-311aa27dc32c', '00000000-0000-0000-0000-000000000011', '789 Elm Street', '555-7890', 'Pharmacy One', 'support@pharmacy.com', '51.1115269', '17.104899', 'Mon-Sun 7am-9pm'),
('00000000-0000-0000-0000-000000000004', '00000000-0000-0000-0000-000000000012', '1010 Oak Avenue', '555-1010', 'Pharmacy Two', 'contact@pharmacy.com', '51.1115279', '17.104999', 'Mon-Fri 8am-6pm'),
('00000000-0000-0000-0000-000000000005', '00000000-0000-0000-0000-000000000013', '202 Maple Road', '555-2020', 'Pharmacy Three', 'info@pharmacy.com', '51.1115369', '17.105899',  '24/7');

INSERT INTO Medicine (id, pharmacy_id, picture_id, name, description, size) VALUES
('00000000-0000-0000-0000-000000000013', '4c0d0a34-c4bd-4118-b982-311aa27dc32c', '00000000-0000-0000-0000-000000000001','Paracetamol', 'Fever reducer', '500mg'),
('00000000-0000-0000-0000-000000000014', '00000000-0000-0000-0000-000000000004', '00000000-0000-0000-0000-000000000002','Cetirizine', 'Antihistamine', '10mg'),
('00000000-0000-0000-0000-000000000015', '4c0d0a34-c4bd-4118-b982-311aa27dc32c', '00000000-0000-0000-0000-000000000003', 'Amoxicillin', 'Antibiotic', '250mg'),
('00000000-0000-0000-0000-000000000016', '00000000-0000-0000-0000-000000000004', '00000000-0000-0000-0000-000000000004', 'Lisinopril', 'Blood pressure medication', '10mg'),
('00000000-0000-0000-0000-000000000017', '00000000-0000-0000-0000-000000000005', '00000000-0000-0000-0000-000000000005', 'Metformin', 'Type 2 diabetes treatment', '500mg');

INSERT INTO Product (id, medicine_id, expiration_date, is_reserved, base_price, price) VALUES
('00000000-0000-0000-0000-000000000023', '00000000-0000-0000-0000-000000000013', '2024-12-25', FALSE, 3.0, 2.5),
('00000000-0000-0000-0000-000000000024', '00000000-0000-0000-0000-000000000014', '2025-05-15', FALSE, 7.0, 6.5),
('00000000-0000-0000-0000-000000000025', '00000000-0000-0000-0000-000000000015', '2025-08-20', FALSE, 12.0, 11.0),
('00000000-0000-0000-0000-000000000026', '00000000-0000-0000-0000-000000000016', '2026-02-28', FALSE, 15.0, 14.0),
('00000000-0000-0000-0000-000000000027', '00000000-0000-0000-0000-000000000017', '2025-09-10', FALSE, 9.0, 8.5),
('00000000-0000-0000-0000-000000000028', '00000000-0000-0000-0000-000000000013', '2024-11-28', FALSE, 5.0, 4.5),
('00000000-0000-0000-0000-000000000029', '00000000-0000-0000-0000-000000000014', '2024-12-31', FALSE, 8.0, 7.0);